{
  "type": "minecraft:crafting_shapeless",
  "category": "Alice",
  "ingredients": [
      {
          "item": "minecraft:blaze_powder"
      },
      {
          "item": "minecraft:amethyst_shard"
      },
      {
          "item": "minecraft:glass_bottle"
      }
  ],
  "result": {
    "id": "minecraft:stick",
    "components":{
      "custom_model_data":1,
      "custom_name":"[{'text':'Weird Drink','italic':false,'color':light_purple}]",
      "food": {
        "nutrition":2,
        "saturation":1,
        "can_always_eat":true
      }

    },
    "count": 7
  }
}