{
    "type": "minecraft:crafting_shaped",
    "category": "Alice",
    "pattern": [
      "#C#",
      "SES",
      "WWW"
  ],
  "key": {
      "#": {
          "item": "minecraft:milk_bucket"
      },
      "C": {
          "item": "minecraft:amethyst_shard"
      },
      "S": {
          "item": "minecraft:sugar"
      },
      "E": {
          "item": "minecraft:egg"
      },
      "W": {
          "item": "minecraft:wheat"
      }
  },
    "result": {
      "id": "minecraft:disc_fragment_5",
      "components":{
        "custom_model_data":1,
        "custom_name":"[{'text':'Suspicious Cake','italic':false,'color':light_purple}]",
        "food": {
          "nutrition":4,
          "saturation":1,
          "can_always_eat":true

        },
        "hide_additional_tooltip":{}

      },
      "count": 7
    }
  }
