{
  "display": {
    "icon": {
      "id": "minecraft:carrot_on_a_stick",
      "count": 1,
      "components": {
        "minecraft:custom_model_data": 7271
      }
    },
    "title": "Is That a Fret?",
    "description": "Craft a Guitar",
    "background": "minecraft:textures/block/stone.png",
    "frame": "task",
    "show_toast": true,
    "announce_to_chat": true,
    "hidden": false
  },
  "criteria": {
    "rer": {
      "trigger": "minecraft:recipe_crafted",
      "conditions": {
        "recipe_id": "flutedatapack:guitar"
      }
    }
  },
  "rewards": {
    "experience": 50
  }
}
